All Social,All Social,All Social,All Social,All Social,All Social,All Social,All Social,All Social,All Social,All Social,All Social,Facebook,Instagram,LinkedIn,LinkedIn,Google (GBP),Google (GBP),Google (GBP),Google (GBP),Google (GBP),Google (GBP),Google (GBP),Google (GBP),Google (GBP),Google (GBP),YouTube,YouTube,YouTube,TikTok,TikTok,TikTok,TikTok,TikTok,TikTok,TikTok,Community,Community,Pinterest,Pinterest
postAtSpecificTime (YYYY-MM-DD HH:mm:ss),content,OGmetaUrl (url),imageUrls (comma-separated),gifUrl,videoUrls (comma-separated),thumbnailUrl,mediaOptimization (true/false),applyWatermark (true/false),tags (comma-separated),category,followUpComment,type (post/story/reel),type (post/story/reel),pdfTitle,postAsPdf (true/false),eventType (call_to_action/event/offer),actionType (none/order/book/shop/learn_more/call/sign_up),title,offerTitle,startDate (YYYY-MM-DD HH:mm:ss),endDate (YYYY-MM-DD HH:mm:ss),termsConditions,couponCode,redeemOnlineUrl,actionUrl,title,privacyLevel (private/public/unlisted),type (video/short),privacyLevel (everyone/friends/only_me),promoteOtherBrand (true/false),enableComment (true/false),enableDuet (true/false),enableStitch (true/false),videoDisclosure (true/false),promoteYourBrand (true/false),title,notifyAllGroupMembers (true/false),title,link
2026-09-18 14:34:00,"Há um provérbio que diz que o melhor dia para plantar uma árvore foi há vinte anos, e que o segundo melhor é hoje. A frase circula tanto que virou enfeite de parede.

Mas ela descreve com precisão uma conta que quase ninguém faz: a de quanto custa o tempo que passamos decidindo.

Enquanto adiamos, nada fica parado esperando por nós. O imóvel sobe, o carro encarece, e a parcela que caberia no orçamento de hoje já não cabe no de depois.

O que parecia cautela era só atraso com nome bonito.

Os economistas chamam isso de custo de oportunidade: o valor daquilo que se deixou de ganhar ao escolher esperar. É um custo que não aparece em nenhuma fatura.

Justamente por não aparecer, é o mais fácil de ignorar e o mais caro de descobrir tarde.

Quem começou um consórcio há cinco anos não era mais corajoso nem tinha mais dinheiro. Só tomou uma decisão pequena antes de precisar tomá-la grande.

E a decisão pequena é sempre a mais barata das duas.

Se o melhor momento já passou, tudo bem. Ele passou para quase todo mundo.

O segundo melhor continua disponível, e ele não exige que a sua vida esteja perfeita para começar.

Gostou? Fez sentido?

Então imagina começar hoje.

Comente SONHO abaixo.

MUDE a história de endividamento da sua família.

#consorcio #casapropria #planejamentofinanceiro #educacaofinanceira #consorcioimobiliario #sairdoaluguel #primeiroimovel #organizacaofinanceira #patrimonio #cartadecredito #multiplic #fortaleza #planejamento #primeiroimovel",,"https://multicon.vercel.app/carrosseis/DY7h11WBsxK/sonho/slide-01.png, https://multicon.vercel.app/carrosseis/DY7h11WBsxK/sonho/slide-02.png, https://multicon.vercel.app/carrosseis/DY7h11WBsxK/sonho/slide-03.png, https://multicon.vercel.app/carrosseis/DY7h11WBsxK/sonho/slide-04.png, https://multicon.vercel.app/carrosseis/DY7h11WBsxK/sonho/slide-05.png, https://multicon.vercel.app/carrosseis/DY7h11WBsxK/sonho/slide-06.png, https://multicon.vercel.app/carrosseis/DY7h11WBsxK/sonho/slide-07.png, https://multicon.vercel.app/carrosseis/DY7h11WBsxK/sonho/slide-08.png",,,,TRUE,FALSE,consorcio,Produção,"Comente SONHO aqui e eu te mando o material que explica tudo, de graça.",post,post,O segundo melhor dia é hoje,TRUE,,,,,,,,,,,,,,,,,,,,,,,,
